From,RelationType,To
"Logging",usa,"ILogger"
"Logging",usa,"ConsoleLogger"
"DecimationAlgorithm",usa,"MathHelper"
"DecimationAlgorithm",usa,"Mesh"
"UVChannels",usa,"Mesh"
"UVChannels",usa,"ResizableArray"
"ConsoleLogger",implementa,"ILogger"
"LODBackupComponent",hereda,"MonoBehaviour"
"MeshUtils",usa,"Mesh"
"MeshUtils",usa,"Vector3"
"MeshUtils",usa,"Vector4"
"MeshUtils",usa,"BoneWeight"
"MeshUtils",usa,"Vector2"
"MeshUtils",usa,"BlendShape"
"MeshUtils",usa,"BlendShapeFrame"
"MeshDecimatorUtility",usa,"Logging"
"MeshDecimatorUtility",usa,"ConsoleLogger"
"MeshDecimatorUtility",usa,"UnityLogger"
"MeshDecimatorUtility",usa,"Vector3d"
"MeshDecimatorUtility",usa,"Vector2"
"MeshDecimatorUtility",usa,"Vector3"
"MeshDecimatorUtility",usa,"Vector4"
"MeshDecimatorUtility",usa,"BoneWeight"
"MeshDecimatorUtility",usa,"Mesh"
"MeshDecimatorUtility",usa,"DecimationAlgorithm"
"MeshDecimatorUtility",usa,"MeshDecimation"
"MeshDecimatorUtility",usa,"Algorithm"
"LODGenerator",usa,"Mesh"
"LODGenerator",usa,"DecimationAlgorithm"
"LODGenerator",usa,"MeshDecimatorUtility"
"LODGenerator",usa,"LODSettings"
"LODGenerator",usa,"Vector3"
"DecimatedObject",hereda,"MonoBehaviour"
"DecimatedObject",usa,"LODSettings"
"DecimatedObject",usa,"LODGenerator"
"Vector3",implementa,"IEquatable"
"Vector3",usa,"Vector3d"
"Vector3",usa,"Vector3i"
"Vector3",usa,"MathHelper"
"Vector2i",implementa,"IEquatable"
"Vector2i",usa,"Vector2"
"Vector2i",usa,"Vector2d"
"Vector2d",implementa,"IEquatable"
"Vector2d",usa,"Vector2"
"Vector2d",usa,"Vector2i"
"Vector2",implementa,"IEquatable"
"Vector2",usa,"Vector2d"
"Vector2",usa,"Vector2i"
"ShowExample",hereda,"MonoBehaviour"
"ShowExample",usa,"Vector3"
"Triangle",implementa,"IEquatable"
"Triangle",usa,"Vector3d"
"BorderVertexComparer",implementa,"IComparer"
"BorderVertexComparer",usa,"BorderVertex"
"BlendShapeFrameContainer",usa,"Vector3"
"BlendShapeFrameContainer",usa,"BlendShapeFrame"
"BlendShapeFrameContainer",usa,"ResizableArray"
"UnityLogger",implementa,"ILogger"
"BlendShapeContainer",usa,"BlendShapeFrameContainer"
"BlendShapeContainer",usa,"BlendShape"
"BlendShapeContainer",usa,"Vector3"
"BlendShapeContainer",usa,"BlendShapeFrame"
"Vector3d",implementa,"IEquatable"
"Vector3d",usa,"Vector3"
"Vector3d",usa,"MathHelper"
"MathHelper",usa,"Vector3d"
"LODGeneratorHelperEditor",hereda,"Editor"
"LODGeneratorHelperEditor",usa,"LODGeneratorHelper"
"LODGeneratorHelperEditor",usa,"IOUtils"
"LODGeneratorHelperEditor",usa,"LODGenerator"
"LODGeneratorHelper",hereda,"MonoBehaviour"
"LODGeneratorHelper",usa,"SimplificationOptions"
"LODGeneratorHelper",usa,"LODLevel"
"UVChannels",usa,"Mesh"
"UVChannels",usa,"ResizableArray"
"ConsoleLogger",implementa,"ILogger"
"Vector4i",implementa,"IEquatable"
"Vector4i",usa,"Vector4"
"Vector4i",usa,"Vector4d"
"Vector3d",implementa,"IEquatable"
"Vector3d",usa,"Vector3"
"Vector3d",usa,"Vector3i"
"Vector3d",usa,"MathHelper"
"ValidateSimplificationOptionsException",hereda,"Exception"
"Vertex",implementa,"IEquatable"
"Vertex",usa,"Vector3d"
"Vertex",usa,"SymmetricMatrix"
"UVChannels",usa,"MeshUtils"
"UVChannels",usa,"ResizableArray"
"Vector2",implementa,"IEquatable"
"Vector2",usa,"Vector2d"
"Vector2",usa,"Vector2i"
"MathHelper",usa,"Vector3"
"MathHelper",usa,"Vector3d"
"Program",usa,"MathHelper"
"Program",usa,"ObjMesh"
"Program",usa,"Mesh"
"Program",usa,"MeshDecimation"
"Program",usa,"Algorithm"
"ObjMesh",usa,"FaceIndex"
"ObjMesh",usa,"Vector3d"
"ObjMesh",usa,"Vector3"
"ObjMesh",usa,"Vector2"
"FaceIndex",implementa,"IEquatable"
"DecimatedObjectEditor",hereda,"Editor"
"DecimatedObjectEditor",usa,"DecimatedObject"
"BoneWeight",implementa,"IEquatable"
"BoneWeight",usa,"Vector4"
"MeshData",usa,"Vector3"
"Program",usa,"MeshData"
"Program",usa,"PipelineStats"
"Program",usa,"PiezaRota"
"Program",usa,"Vector3"
"Program",usa,"Vector3d"
"Program",usa,"Mesh"
"Program",usa,"FastQuadricMeshSimplification"
"Program",usa,"MeshDecimation"
"Program",usa,"Vector4"
"FastQuadricMeshSimplification",hereda,"DecimationAlgorithm"
"FastQuadricMeshSimplification",usa,"Vector3d"
"FastQuadricMeshSimplification",usa,"SymmetricMatrix"
"FastQuadricMeshSimplification",usa,"BorderVertex"
"FastQuadricMeshSimplification",usa,"BorderVertexComparer"
"FastQuadricMeshSimplification",usa,"Triangle"
"FastQuadricMeshSimplification",usa,"Vertex"
"FastQuadricMeshSimplification",usa,"Ref"
"FastQuadricMeshSimplification",usa,"Vector3"
"FastQuadricMeshSimplification",usa,"Vector4"
"FastQuadricMeshSimplification",usa,"Vector2"
"FastQuadricMeshSimplification",usa,"BoneWeight"
"FastQuadricMeshSimplification",usa,"Logging"
"FastQuadricMeshSimplification",usa,"MathHelper"
"FastQuadricMeshSimplification",usa,"Mesh"
"FastQuadricMeshSimplification",usa,"ResizableArray"
"FastQuadricMeshSimplification",usa,"UVChannels"
"Triangle",usa,"Vector3d"
"Vertex",usa,"Vector3d"
"Vertex",usa,"SymmetricMatrix"
"BorderVertexComparer",implementa,"IComparer"
"BorderVertexComparer",usa,"BorderVertex"
"Vector4d",implementa,"IEquatable"
"Vector4d",usa,"Vector4"
"Vector4d",usa,"Vector4i"
"Vector4",implementa,"IEquatable"
"Vector4",usa,"Vector4d"
"Vector4",usa,"Vector4i"
"Vector3i",implementa,"IEquatable"
"Vector3i",usa,"Vector3"
"Vector3i",usa,"Vector3d"
"Vector3d",implementa,"IEquatable"
"Vector3d",usa,"Vector3"
"Vector3d",usa,"Vector3i"
"Vector3d",usa,"MathHelper"
"Vector4i",implementa,"IEquatable"
"Vector4i",usa,"Vector4"
"Vector4i",usa,"Vector4d"
"MeshDecimation",usa,"DecimationAlgorithm"
"MeshDecimation",usa,"Algorithm"
"MeshDecimation",usa,"FastQuadricMeshSimplification"
"MeshDecimation",usa,"Mesh"
"Mesh",usa,"Vector3d"
"Mesh",usa,"Vector3"
"Mesh",usa,"Vector4"
"Mesh",usa,"Vector2"
"Mesh",usa,"BoneWeight"
"Mesh",usa,"MathHelper"
"Logging",usa,"ILogger"
"Logging",usa,"ConsoleLogger"
"BoneWeight",implementa,"IEquatable"
"BoneWeight",usa,"Vector4"
"MeshSimplifier",usa,"MeshUtils"
"MeshSimplifier",usa,"SimplificationOptions"
"MeshSimplifier",usa,"Triangle"
"MeshSimplifier",usa,"Vertex"
"MeshSimplifier",usa,"Ref"
"MeshSimplifier",usa,"Vector3"
"MeshSimplifier",usa,"Vector4"
"MeshSimplifier",usa,"Vector2"
"MeshSimplifier",usa,"BoneWeight"
"MeshSimplifier",usa,"BlendShapeContainer"
"MeshSimplifier",usa,"Mesh"
"MeshSimplifier",usa,"SymmetricMatrix"
"MeshSimplifier",usa,"Vector3d"
"MeshSimplifier",usa,"MathHelper"
"MeshSimplifier",usa,"BorderVertex"
"MeshSimplifier",usa,"BorderVertexComparer"
"MeshSimplifier",usa,"BlendShape"
"MeshSimplifier",usa,"ValidateSimplificationOptionsException"
"MeshSimplifier",usa,"ResizableArray"
"MeshSimplifier",usa,"UVChannels"
"BlendShape",usa,"BlendShapeFrame"
"BlendShapeFrame",usa,"Vector3"
"MeshUtilsTest",usa,"Mesh"
"MeshUtilsTest",usa,"Vector3"
"MeshUtilsTest",usa,"BlendShape"
"MeshUtilsTest",usa,"BlendShapeFrame"
"MeshUtilsTest",usa,"MeshUtils"
"MeshUtilsTest",usa,"Vector4"
"MeshUtilsTest",usa,"Vector2"
"MeshUtilsTest",usa,"BoneWeight"
"ExportarGeometria",usa,"Mesh"
"FastQuadricMeshSimplification",hereda,"DecimationAlgorithm"
"FastQuadricMeshSimplification",usa,"Vector3d"
"FastQuadricMeshSimplification",usa,"SymmetricMatrix"
"FastQuadricMeshSimplification",usa,"BorderVertex"
"FastQuadricMeshSimplification",usa,"BorderVertexComparer"
"FastQuadricMeshSimplification",usa,"Triangle"
"FastQuadricMeshSimplification",usa,"Vertex"
"FastQuadricMeshSimplification",usa,"Ref"
"FastQuadricMeshSimplification",usa,"Vector3"
"FastQuadricMeshSimplification",usa,"Vector4"
"FastQuadricMeshSimplification",usa,"Vector2"
"FastQuadricMeshSimplification",usa,"BoneWeight"
"FastQuadricMeshSimplification",usa,"Logging"
"FastQuadricMeshSimplification",usa,"MathHelper"
"FastQuadricMeshSimplification",usa,"Mesh"
"FastQuadricMeshSimplification",usa,"ResizableArray"
"FastQuadricMeshSimplification",usa,"UVChannels"
"Triangle",usa,"Vector3d"
"Vertex",usa,"Vector3d"
"Vertex",usa,"SymmetricMatrix"
"BorderVertexComparer",implementa,"IComparer"
"BorderVertexComparer",usa,"BorderVertex"
"DecimationAlgorithm",usa,"MathHelper"
"DecimationAlgorithm",usa,"Mesh"
"Vector3",implementa,"IEquatable"
"Vector3",usa,"Vector3d"
"Vector3",usa,"Vector3i"
"Vector3",usa,"MathHelper"
"Vector2i",implementa,"IEquatable"
"Vector2i",usa,"Vector2"
"Vector2i",usa,"Vector2d"
"Vector2d",implementa,"IEquatable"
"Vector2d",usa,"Vector2"
"Vector2d",usa,"Vector2i"
"Vector4d",implementa,"IEquatable"
"Vector4d",usa,"Vector4"
"Vector4d",usa,"Vector4i"
"Vector4",implementa,"IEquatable"
"Vector4",usa,"Vector4d"
"Vector4",usa,"Vector4i"
"Vector3i",implementa,"IEquatable"
"Vector3i",usa,"Vector3"
"Vector3i",usa,"Vector3d"
"MathHelper",usa,"Vector3"
"MathHelper",usa,"Vector3d"
"MeshDecimation",usa,"DecimationAlgorithm"
"MeshDecimation",usa,"Algorithm"
"MeshDecimation",usa,"FastQuadricMeshSimplification"
"MeshDecimation",usa,"Mesh"
"Mesh",usa,"Vector3d"
"Mesh",usa,"Vector3"
"Mesh",usa,"Vector4"
"Mesh",usa,"Vector2"
"Mesh",usa,"BoneWeight"
"Mesh",usa,"MathHelper"
"MeshCombiner",usa,"Mesh"
"MeshCombiner",usa,"Vector3"
"MeshCombiner",usa,"Vector4"
"MeshCombiner",usa,"BoneWeight"
"MeshCombiner",usa,"MeshUtils"
"LODGenerator",usa,"Mesh"
"LODGenerator",usa,"LODGeneratorHelper"
"LODGenerator",usa,"SimplificationOptions"
"LODGenerator",usa,"LODLevel"
"LODGenerator",usa,"MeshSimplifier"
"LODGenerator",usa,"RendererInfo"
"LODGenerator",usa,"MeshCombiner"
"LODGenerator",usa,"Vector3"
"LODGenerator",usa,"LODBackupComponent"
"RendererInfo",usa,"Mesh"
